ID,Site,Rep,Lat,Long,Elevation,Gradient,Microsite,Nutrient,L1,L2,H,volume,canopy,D1,D2,D3,Dx,D1Eph,D2Eph,D3Eph,DxEph,Burrows,Compaction
1,PanocheHills,1,36.70000998,-120.801116,656.320862,1,shrub,Added,2.23,2.4,1.12,1.5693,7,4.7,5.9,5.5,5.3667,8.4,10.5,8.3,9.0667,3,0.25
1,PanocheHills,1,36.70000998,-120.801116,656.320862,1,open,Added,,,,,,,,,,,,,,,1.25
2,PanocheHills,2,36.70004804,-120.80123,656.190247,1,shrub,Ambient,2.63,2.9,1.07,2.1365,6,2.8,3.1,1.5,2.4667,6.7,10.6,2.8,6.7,4,0.75
2,PanocheHills,2,36.70004804,-120.80123,656.190247,1,open,Ambient,,,,,,,,,,,,,,,0.75
3,PanocheHills,3,36.70009598,-120.801464,656.647461,1,shrub,Added,3.25,2.2,1.3,2.4334,6,4.9,9.4,10.2,8.1667,4.9,9.4,10.2,8.1667,5,0.25
3,PanocheHills,3,36.70009598,-120.801464,656.647461,1,open,Added,,,,,,,,,,,,,,,0.5
4,PanocheHills,4,36.70011903,-120.801429,657.375244,1,shrub,Ambient,3.05,2.5,0.9,1.7966,5,4.9,5.8,3.85,4.85,4.9,5.8,13.05,7.9167,4,0.5
4,PanocheHills,4,36.70011903,-120.801429,657.375244,1,open,Ambient,,,,,,,,,,,,,,,0.5
5,PanocheHills,5,36.70019296,-120.801587,656.507507,1,shrub,Added,2.95,1.6,1.1,1.3593,6,2.7,3.6,2,2.7667,3.6,8.9,11.25,7.9167,6,1
5,PanocheHills,5,36.70019296,-120.801587,656.507507,1,open,Added,,,,,,,,,,,,,,,1.25
6,PanocheHills,6,36.70026404,-120.80141,655.58374,1,shrub,Ambient,2.45,2.3,1.15,1.6965,4,5.9,3.3,1.6,3.6,5.9,10.05,11.45,9.1333,2,0.25
6,PanocheHills,6,36.70026404,-120.80141,655.58374,1,open,Ambient,,,,,,,,,,,,,,,2.5
7,PanocheHills,7,36.70036797,-120.801448,655.434448,1,shrub,Added,2.3,2.5,1.3,1.957,6,8.2,6.4,7.4,7.3333,8.2,9.3,9.2,8.9,3,0.5
7,PanocheHills,7,36.70036797,-120.801448,655.434448,1,open,Added,,,,,,,,,,,,,,,2
8,PanocheHills,8,36.70044601,-120.80149,655.313171,1,shrub,Ambient,1.6,1.45,1.3,0.7896,6,3.1,3.4,4.25,3.5833,6.3,7.45,8.3,7.35,2,1.5
8,PanocheHills,8,36.70044601,-120.80149,655.313171,1,open,Ambient,,,,,,,,,,,,,,,1.5
9,PanocheHills,9,36.70052002,-120.801512,655.05188,1,shrub,Added,1.8,1.4,0.9,0.5938,7,1.8,7.1,6.05,4.9833,1.8,7.1,9.2,6.0333,2,1
9,PanocheHills,9,36.70052002,-120.801512,655.05188,1,open,Added,,,,,,,,,,,,,,,1.5
10,PanocheHills,10,36.70044098,-120.801595,655.537109,1,shrub,Ambient,1.9,2,1.05,1.0446,5,4.35,5.3,5.5,5.05,4.35,9.3,11.6,8.4167,1,1.25
10,PanocheHills,10,36.70044098,-120.801595,655.537109,1,open,Ambient,,,,,,,,,,,,,,,2.5
11,PanocheHills,11,36.70056897,-120.801704,656.432861,1,shrub,Added,1.85,2.05,1.1,1.0922,5,3.25,4.7,5.9,4.6167,5.9,6.25,10.6,7.5833,5,1.5
11,PanocheHills,11,36.70056897,-120.801704,656.432861,1,open,Added,,,,,,,,,,,,,,,1.75
12,PanocheHills,12,36.700631,-120.801863,657.030029,1,shrub,Ambient,2.8,2.75,1.2,2.419,6,3.3,2.9,5.4,3.8667,7.65,6.85,5.4,6.6333,7,2.5
12,PanocheHills,12,36.700631,-120.801863,657.030029,1,open,Ambient,,,,,,,,,,,,,,,2.75
13,PanocheHills,13,36.70059504,-120.801965,657.160645,1,shrub,Added,1.1,1.25,0.95,0.342,8,3.4,2.7,6.3,4.1333,11.5,11.15,11.1,11.25,2,2
13,PanocheHills,13,36.70059504,-120.801965,657.160645,1,open,Added,,,,,,,,,,,,,,,1.75
14,PanocheHills,14,36.70063804,-120.801745,656.768738,1,shrub,Ambient,3.3,1.65,1.2,1.7106,7,5.5,6.3,6.5,6.1,10.3,11.6,18.15,13.35,6,0.5
14,PanocheHills,14,36.70063804,-120.801745,656.768738,1,open,Ambient,,,,,,,,,,,,,,,1
15,PanocheHills,15,36.70063804,-120.802166,657.216614,1,shrub,Added,2.8,2.1,1.35,2.0782,8,7.9,10.5,16.1,11.5,7.9,10.5,16.1,11.5,4,0.25
15,PanocheHills,15,36.70063804,-120.802166,657.216614,1,open,Added,,,,,,,,,,,,,,,1
16,PanocheHills,16,36.70074298,-120.802176,656.955383,1,shrub,Ambient,3.1,2.85,1.25,2.8912,8,5.7,4.565,6.8,5.6883,6.8,10.65,8.2,8.55,4,0.25
16,PanocheHills,16,36.70074298,-120.802176,656.955383,1,open,Ambient,,,,,,,,,,,,,,,1
17,PanocheHills,17,36.70086301,-120.802219,656.022278,1,shrub,Added,2.35,2.8,1.2,2.0672,8,4.5,5.7,6.2,5.4667,6.2,11.8,10.25,9.4167,3,0.25
17,PanocheHills,17,36.70086301,-120.802219,656.022278,1,open,Added,,,,,,,,,,,,,,,1.25
18,PanocheHills,18,36.700804,-120.802257,656.554138,1,shrub,Ambient,3.64,4.73,1.9,8.5642,6,5.5,6.56,1.9,4.6533,5.5,6.56,10.5,7.52,3,0.25
18,PanocheHills,18,36.700804,-120.802257,656.554138,1,open,Ambient,,,,,,,,,,,,,,,1.75
19,PanocheHills,19,36.70073301,-120.802433,656.199585,1,shrub,Added,1.6,1.45,0.9,0.5466,8,7.25,13.28,18.3,12.9433,7.25,13.28,18.3,12.9433,4,0.25
19,PanocheHills,19,36.70073301,-120.802433,656.199585,1,open,Added,,,,,,,,,,,,,,,1.5
20,PanocheHills,20,36.700688,-120.802347,655.443787,1,shrub,Ambient,3.39,4.24,1.8,6.7734,7,10.59,14.2,5.5,10.0967,10.59,14.2,5.5,10.0967,4,0.5
20,PanocheHills,20,36.700688,-120.802347,655.443787,1,open,Ambient,,,,,,,,,,,,,,,2.5
21,PanocheHills,21,36.70053,-120.802301,655.854309,1,shrub,Added,3.5,4.35,1.65,6.5767,7,13.2,9.88,15.71,12.93,13.2,9.88,15.71,12.93,1,0.25
21,PanocheHills,21,36.70053,-120.802301,655.854309,1,open,Added,,,,,,,,,,,,,,,2
22,PanocheHills,22,36.70048398,-120.802091,657.141968,1,shrub,Ambient,2.94,2.72,1.4,2.931,5,3.45,8.81,5.4,5.8867,3.45,8.81,5.4,5.8867,3,1.5
22,PanocheHills,22,36.70048398,-120.802091,657.141968,1,open,Ambient,,,,,,,,,,,,,,,1.5
23,PanocheHills,23,36.70042296,-120.802111,657.748474,1,shrub,Added,2.9,2.44,1.37,2.5379,7,13.85,17.97,5.4,12.4067,13.85,17.97,5.4,12.4067,2,0.5
23,PanocheHills,23,36.70042296,-120.802111,657.748474,1,open,Added,,,,,,,,,,,,,,,0.5
24,PanocheHills,24,36.70036303,-120.801976,658.252319,1,shrub,Ambient,3.59,3.05,1.1,3.1532,9,3.5,5.01,6.33,4.9467,3.5,5.01,6.33,4.9467,1,0.25
24,PanocheHills,24,36.70036303,-120.801976,658.252319,1,open,Ambient,,,,,,,,,,,,,,,1.5
25,PanocheHills,25,36.70034601,-120.801917,658.718872,1,shrub,Added,3.05,2.88,1.59,3.6564,7,4.4,3.5,3.24,3.7133,4.4,3.5,3.24,3.7133,3,1
25,PanocheHills,25,36.70034601,-120.801917,658.718872,1,open,Added,,,,,,,,,,,,,,,1
26,PanocheHills,26,36.70026102,-120.802002,658.905457,1,shrub,Ambient,3.5,2.64,1.84,4.451,6,7.55,3.5,12.33,7.7933,7.55,3.5,12.33,7.7933,1,0.5
26,PanocheHills,26,36.70026102,-120.802002,658.905457,1,open,Ambient,,,,,,,,,,,,,,,1.25
27,PanocheHills,27,36.700128,-120.801996,658.998779,1,shrub,Added,2.7,3.94,1.63,4.5396,7,7.95,7.17,2,5.7067,7.95,7.17,4.5,6.54,0,1
27,PanocheHills,27,36.700128,-120.801996,658.998779,1,open,Added,,,,,,,,,,,,,,,2
28,PanocheHills,28,36.70014703,-120.802046,659.036072,1,shrub,Ambient,3.52,4.27,1.74,6.8468,7,2.26,4.95,2.5,3.2367,2.26,4.95,2.5,3.2367,3,0.25
28,PanocheHills,28,36.70014703,-120.802046,659.036072,1,open,Ambient,,,,,,,,,,,,,,,1.75
29,PanocheHills,29,36.70008902,-120.801924,658.961426,1,shrub,Added,2.13,3.73,1.31,2.7248,8,3.95,2.32,2.28,2.85,3.95,2.32,2.28,2.85,2,1.75
29,PanocheHills,29,36.70008902,-120.801924,658.961426,1,open,Added,,,,,,,,,,,,,,,3
30,PanocheHills,30,36.70004502,-120.801923,659.120056,1,shrub,Ambient,2.53,3.16,1.37,2.8675,6,6.3,4.2,3.95,4.8167,6.3,4.2,3.95,4.8167,1,0.75
30,PanocheHills,30,36.70004502,-120.801923,659.120056,1,open,Ambient,,,,,,,,,,,,,,,1.75
31,Cuyama,1,34.85521998,-119.48851,806.83429,2,shrub,Added,4.6,4.25,1.75,8.9568,9,2.46,2.02,2.6,2.36,2.46,2.02,2.8,2.4267,0,0.5
31,Cuyama,1,34.85521998,-119.48851,806.83429,2,open,Added,,,,,,,,,,,,,,,2
32,Cuyama,2,34.85518101,-119.488553,806.526367,2,shrub,Ambient,2.86,2.88,1.44,3.1052,7,1.5,1.85,1.75,1.7,2.91,5.5,9.16,5.8567,0,0.75
32,Cuyama,2,34.85518101,-119.488553,806.526367,2,open,Ambient,,,,,,,,,,,,,,,1.5
33,Cuyama,3,34.85511898,-119.488577,806.498352,2,shrub,Added,3.49,4.23,1.58,6.1065,9,5.23,3.4,4.3,4.31,4.9,4.3,4.43,4.5433,0,0.5
33,Cuyama,3,34.85511898,-119.488577,806.498352,2,open,Added,,,,,,,,,,,,,,,0.5
34,Cuyama,4,34.85505897,-119.488544,806.619629,2,shrub,Ambient,3.1,2.78,1.38,3.1135,8,3.4,3.35,3.89,3.5467,3.4,3.35,3.89,3.5467,0,0.5
34,Cuyama,4,34.85505897,-119.488544,806.619629,2,open,Ambient,,,,,,,,,,,,,,,1.75
35,Cuyama,5,34.85504597,-119.488445,807.011536,2,shrub,Added,2.54,3.82,1.47,3.7341,6,0.7,0.73,1.2,0.8767,5.92,3.43,1.2,3.5167,0,1.25
35,Cuyama,5,34.85504597,-119.488445,807.011536,2,open,Added,,,,,,,,,,,,,,,1.5
36,Cuyama,6,34.85499803,-119.488383,806.050476,2,shrub,Ambient,2,1.65,1.35,1.1663,6,2.03,2.11,4.1,2.7467,3.45,4.1,6.37,4.64,0,0.5
36,Cuyama,6,34.85499803,-119.488383,806.050476,2,open,Ambient,,,,,,,,,,,,,,,2
37,Cuyama,7,34.854893,-119.488468,808.075256,2,shrub,Added,1.81,2.05,1.1,1.0685,8,1.56,1.8,2.5,1.9533,3.98,4.4,6.9,5.0933,0,0.5
37,Cuyama,7,34.854893,-119.488468,808.075256,2,open,Added,,,,,,,,,,,,,,,1.5
38,Cuyama,8,34.85487901,-119.488425,808.709717,2,shrub,Ambient,2.66,3.34,1.57,3.6517,7,1.83,3.18,3.64,2.8833,1.83,3.18,4.6,3.2033,0,0.75
38,Cuyama,8,34.85487901,-119.488425,808.709717,2,open,Ambient,,,,,,,,,,,,,,,1.5
39,Cuyama,9,34.85488596,-119.488325,808.523132,2,shrub,Added,3,3.18,1.77,4.4207,8,1.63,1.63,2.15,1.8033,8.64,4.99,6.14,6.59,0,0.75
39,Cuyama,9,34.85488596,-119.488325,808.523132,2,open,Added,,,,,,,,,,,,,,,1
40,Cuyama,10,34.85476401,-119.488354,809.922729,2,shrub,Ambient,3.62,3.96,1.43,5.3667,9,0.84,1.05,1.84,1.2433,5.02,8.7,6.8,6.84,0,1.25
40,Cuyama,10,34.85476401,-119.488354,809.922729,2,open,Ambient,,,,,,,,,,,,,,,1.25
41,Cuyama,11,34.85461799,-119.488493,809.325562,2,shrub,Added,3.5,3.43,1.95,6.1287,8,0.59,0.99,0.4,0.66,7.62,7,7.536,7.3853,0,0.25
41,Cuyama,11,34.85461799,-119.488493,809.325562,2,open,Added,,,,,,,,,,,,,,,1.75
42,Cuyama,12,34.854648,-119.488394,809.59613,2,shrub,Ambient,1.57,1.75,1.34,0.9639,8,0.45,0.2,0.7,0.45,4.2,5.39,7.83,5.8067,0,1
42,Cuyama,12,34.854648,-119.488394,809.59613,2,open,Ambient,,,,,,,,,,,,,,,4
43,Cuyama,13,34.85453803,-119.48836,810.18396,2,shrub,Added,1.81,1.76,1.6,1.3344,7,0.13,0.3,0.7,0.3767,0.51,4.83,5.42,3.5867,0,0.25
43,Cuyama,13,34.85453803,-119.48836,810.18396,2,open,Added,,,,,,,,,,,,,,,1.75
44,Cuyama,14,34.854418,-119.488377,809.81073,2,shrub,Ambient,3.73,3.74,1.44,5.2591,8,0.35,0.22,0.18,0.25,3,4.35,6.2,4.5167,0,0.75
44,Cuyama,14,34.854418,-119.488377,809.81073,2,open,Ambient,,,,,,,,,,,,,,,1
45,Cuyama,15,34.85440602,-119.488198,810.072021,2,shrub,Added,2.71,4.4,1.67,5.2132,6,0.15,1,0.53,0.56,0.53,6.1,5.85,4.16,0,0.5
45,Cuyama,15,34.85440602,-119.488198,810.072021,2,open,Added,,,,,,,,,,,,,,,1
46,Cuyama,16,34.85436,-119.488105,810.39856,2,shrub,Ambient,2.85,3.23,1.93,4.6513,8,0.1,1.2,2.16,1.1533,6.05,7.55,7.5,7.0333,0,0.25
46,Cuyama,16,34.85436,-119.488105,810.39856,2,open,Ambient,,,,,,,,,,,,,,,1.25
47,Cuyama,17,34.85442697,-119.48802,810.016052,2,shrub,Added,1.95,1.9,1.44,1.3968,7,0.1,2.13,3,1.7433,3.44,8.1,7.83,6.4567,0,0.75
47,Cuyama,17,34.85442697,-119.48802,810.016052,2,open,Added,,,,,,,,,,,,,,,1
48,Cuyama,18,34.85448699,-119.487982,811.191711,2,shrub,Ambient,3.1,2.98,1.71,4.1356,9,0.14,2.63,4,2.2567,7.31,10.4,7.93,8.5467,0,1.5
48,Cuyama,18,34.85448699,-119.487982,811.191711,2,open,Ambient,,,,,,,,,,,,,,,1.5
49,Cuyama,19,34.85460802,-119.487894,811.667542,2,shrub,Added,1.86,1.5,1.58,1.1541,8,0.35,0.73,0.1,0.3933,4.3,4,5.5,4.6,0,0.5
49,Cuyama,19,34.85460802,-119.487894,811.667542,2,open,Added,,,,,,,,,,,,,,,1
50,Cuyama,20,34.85472403,-119.487787,809.885376,2,shrub,Ambient,1.75,1.95,1.45,1.2954,7,0.1,0.25,0.1,0.15,4.7,5.27,7.49,5.82,1,0.5
50,Cuyama,20,34.85472403,-119.487787,809.885376,2,open,Ambient,,,,,,,,,,,,,,,2
51,Cuyama,21,34.85472,-119.487714,810.417236,2,shrub,Added,4.17,4,2.05,8.952,9,0.75,1.8,3.8,2.1167,4.51,11.15,12.55,9.4033,0,0.75
51,Cuyama,21,34.85472,-119.487714,810.417236,2,open,Added,,,,,,,,,,,,,,,0.5
52,Cuyama,22,34.85483903,-119.487612,811.341003,2,shrub,Ambient,4.53,4.77,1.98,11.2008,7,1.25,0.75,0.5,0.8333,3.13,10.5,12.55,8.7267,0,1.25
52,Cuyama,22,34.85483903,-119.487612,811.341003,2,open,Ambient,,,,,,,,,,,,,,,2.5
53,Cuyama,23,34.85491999,-119.487414,810.958435,2,shrub,Added,3.1,3.93,1.84,5.8687,9,0.6,2.06,1.9,1.52,1.9,7.87,6.55,5.44,2,0.5
53,Cuyama,23,34.85491999,-119.487414,810.958435,2,open,Added,,,,,,,,,,,,,,,1.25
54,Cuyama,24,34.85496098,-119.487277,811.630249,2,shrub,Ambient,4,4.31,1.83,8.2596,8,1.2,1.25,1.8,1.4167,6.06,6.65,9.9,7.5367,0,0.25
54,Cuyama,24,34.85496098,-119.487277,811.630249,2,open,Ambient,,,,,,,,,,,,,,,2
55,Cuyama,25,34.85500197,-119.487363,811.900818,2,shrub,Added,2.41,2.58,1.5,2.4417,7,3,3.92,4.2,3.7067,3,3.92,4.2,3.7067,0,0.75
55,Cuyama,25,34.85500197,-119.487363,811.900818,2,open,Added,,,,,,,,,,,,,,,4
56,Cuyama,26,34.85510398,-119.487522,812.180725,2,shrub,Ambient,1.71,1.83,1.5,1.2289,8,0.25,0.9,0.2,0.45,21,5.62,6.59,11.07,0,0.75
56,Cuyama,26,34.85510398,-119.487522,812.180725,2,open,Ambient,,,,,,,,,,,,,,,1.5
57,Cuyama,27,34.85511404,-119.487606,812.124756,2,shrub,Added,2.36,2.83,1.4,2.4479,8,0.95,1.1,2.5,1.5167,2.5,1.1,6.59,3.3967,0,0.75
57,Cuyama,27,34.85511404,-119.487606,812.124756,2,open,Added,,,,,,,,,,,,,,,1.25
58,Cuyama,28,34.85508403,-119.487613,812.619263,2,shrub,Ambient,1.72,1.68,1.3,0.9834,5,1.27,1.55,0.7,1.1733,1.4,1.55,1.4,1.45,0,0.5
58,Cuyama,28,34.85508403,-119.487613,812.619263,2,open,Ambient,,,,,,,,,,,,,,,1.25
59,Cuyama,29,34.85499099,-119.487913,811.46228,2,shrub,Added,2.5,2.79,1.48,2.7026,7,0.1,0.65,0.7,0.4833,4.94,5.25,8.58,6.2567,0,1
59,Cuyama,29,34.85499099,-119.487913,811.46228,2,open,Added,,,,,,,,,,,,,,,1
60,Cuyama,30,34.85501697,-119.488134,811.779541,2,shrub,Ambient,2.39,3.04,1.68,3.1956,7,0.3,0.85,0.65,0.6,3.86,3.51,4.1,3.8233,0,0.5
60,Cuyama,30,34.85501697,-119.488134,811.779541,2,open,Ambient,,,,,,,,,,,,,,,2.25
61,FtIrwin,1,35.094051,-116.8349,496.02,4,shrub,Added,1.95,1.65,0.9,0.7581,8,1.6,1.1,0.6,1.1,5.1,13.2,14.6,10.9667,0,1.5
61,FtIrwin,1,35.094051,-116.8349,496.02,4,open,Added,,,,,,,,,,,,,,,1.5
62,FtIrwin,2,35.093909,-116.834817,496.169,4,shrub,Ambient,0.5,0.8,0.75,0.0785,9,0.5,0.3,0.8,0.5333,16.2,16.5,6.25,12.9833,0,2
62,FtIrwin,2,35.093909,-116.834817,496.169,4,open,Ambient,,,,,,,,,,,,,,,1
63,FtIrwin,3,35.093813,-116.834911,495.413,4,shrub,Added,0.75,0.7,0.7,0.0962,8,0.5,0.7,0.9,0.7,5.4,6.2,11.3,7.6333,0,1.5
63,FtIrwin,3,35.093813,-116.834911,495.413,4,open,Added,,,,,,,,,,,,,,,2.5
64,FtIrwin,4,35.093731,-116.835001,495.46,4,shrub,Ambient,2.9,1.25,1,0.949,8,0.8,1,1.5,1.1,6.3,12,8.2,8.8333,0,4.5
64,FtIrwin,4,35.093731,-116.835001,495.46,4,open,Ambient,,,,,,,,,,,,,,,1.25
65,FtIrwin,5,35.093721,-116.835008,494.984,4,shrub,Added,1.3,1.35,0.9,0.4135,9,0.5,0.6,0.7,0.6,2.5,7.1,11.35,6.9833,0,1.5
65,FtIrwin,5,35.093721,-116.835008,494.984,4,open,Added,,,,,,,,,,,,,,,1.5
66,FtIrwin,6,35.093606,-116.835026,494.76,4,shrub,Ambient,1.15,0.9,0.65,0.1761,10,0.4,1.1,0.8,0.7667,2.2,4.4,5.15,3.9167,0,1.75
66,FtIrwin,6,35.093606,-116.835026,494.76,4,open,Ambient,,,,,,,,,,,,,,,0.5
67,FtIrwin,7,35.093593,-116.835051,495.087,4,shrub,Added,0.85,0.65,0.7,0.1013,8,1,0.95,1.5,1.15,1.5,2.4,1.35,1.75,0,1.75
67,FtIrwin,7,35.093593,-116.835051,495.087,4,open,Added,,,,,,,,,,,,,,,2
68,FtIrwin,8,35.093579,-116.835052,495.105,4,shrub,Ambient,0.7,0.55,0.65,0.0655,6,0.1,0.4,1.5,0.6667,2.1,2.2,3.5,2.6,0,0.75
68,FtIrwin,8,35.093579,-116.835052,495.105,4,open,Ambient,,,,,,,,,,,,,,,3
69,FtIrwin,9,35.093533,-116.835052,495.152,4,shrub,Added,0.75,0.5,0.5,0.0491,5,0.4,1.3,1.65,1.1167,5.1,7.3,6.35,6.25,0,2.5
69,FtIrwin,9,35.093533,-116.835052,495.152,4,open,Added,,,,,,,,,,,,,,,2.25
70,FtIrwin,10,35.093424,-116.835026,494.928,4,shrub,Ambient,0.75,0.65,0.55,0.0702,6,0.6,0.5,0.5,0.5333,6.45,6.45,10.1,7.6667,0,2.5
70,FtIrwin,10,35.093424,-116.835026,494.928,4,open,Ambient,,,,,,,,,,,,,,,1.75
71,FtIrwin,11,35.09338,-116.835167,494.863,4,shrub,Added,1.2,1.45,0.85,0.3872,9,1.8,1.25,2.2,1.75,4.1,7.95,7.2,6.4167,0,2.25
71,FtIrwin,11,35.09338,-116.835167,494.863,4,open,Added,,,,,,,,,,,,,,,1.75
72,FtIrwin,12,35.093358,-116.835116,494.9,4,shrub,Ambient,0.75,0.7,0.7,0.0962,8,1.1,2.25,4.7,2.6833,4.7,4.85,7.4,5.65,0,1.5
72,FtIrwin,12,35.093358,-116.835116,494.9,4,open,Ambient,,,,,,,,,,,,,,,1.5
73,FtIrwin,13,35.093317,-116.835113,494.891,4,shrub,Added,0.9,0.75,0.55,0.0972,9,2.8,3.5,3.7,3.3333,2.8,4.9,7.4,5.0333,0,3.5
73,FtIrwin,13,35.093317,-116.835113,494.891,4,open,Added,,,,,,,,,,,,,,,0.5
74,FtIrwin,14,35.093255,-116.83517,494.583,4,shrub,Ambient,0.85,0.9,0.65,0.1302,7,1.1,1.9,2.75,1.9167,1.1,3.25,6.4,3.5833,0,1.5
74,FtIrwin,14,35.093255,-116.83517,494.583,4,open,Ambient,,,,,,,,,,,,,,,2.25
75,FtIrwin,15,35.093176,-116.835234,495.068,4,shrub,Added,0.75,0.6,0.7,0.0825,7,0.3,1.5,2.25,1.35,7.2,9.5,7.3,8,0,1.75
75,FtIrwin,15,35.093176,-116.835234,495.068,4,open,Added,,,,,,,,,,,,,,,2.5
76,FtIrwin,16,35.093126,-116.835173,494.881,4,shrub,Ambient,0.75,0.7,0.6,0.0825,7,1.4,2.3,2.5,2.0667,8.2,8.7,2.5,6.4667,0,2.25
76,FtIrwin,16,35.093126,-116.835173,494.881,4,open,Ambient,,,,,,,,,,,,,,,2
77,FtIrwin,17,35.0931,-116.835264,494.601,4,shrub,Added,0.85,1,0.75,0.1669,8,0.5,1.2,2.35,1.35,2.3,6.5,6.55,5.1167,0,2.75
77,FtIrwin,17,35.0931,-116.835264,494.601,4,open,Added,,,,,,,,,,,,,,,1.75
78,FtIrwin,18,35.092989,-116.835244,494.116,4,shrub,Ambient,0.6,0.55,0.65,0.0562,6,0.7,2.4,2.4,1.8333,10.1,8.6,2.4,7.0333,0,2.75
78,FtIrwin,18,35.092989,-116.835244,494.116,4,open,Ambient,,,,,,,,,,,,,,,1.75
79,FtIrwin,19,35.092894,-116.835197,493.967,4,shrub,Added,1,0.6,0.8,0.1257,5,0.2,0.5,1.85,0.85,5.35,7.2,7.3,6.6167,0,4
79,FtIrwin,19,35.092894,-116.835197,493.967,4,open,Added,,,,,,,,,,,,,,,1.25
80,FtIrwin,20,35.092761,-116.835166,493.734,4,shrub,Ambient,1.3,1,0.95,0.3233,9,1.3,2,2.45,1.9167,1.3,5.5,2.45,3.0833,0,2.25
80,FtIrwin,20,35.092761,-116.835166,493.734,4,open,Ambient,,,,,,,,,,,,,,,1.5
81,FtIrwin,21,35.09274803,-116.83509,573.044434,4,shrub,Added,1.22,1.28,0.84,0.3434,8,1.45,2.04,0.1,1.1967,3.56,4.8,5.42,4.5933,0,1.5
81,FtIrwin,21,35.09274803,-116.83509,573.044434,4,open,Added,,,,,,,,,,,,,,,1
82,FtIrwin,22,35.09270897,-116.834966,572.139343,4,shrub,Ambient,1.42,1.14,0.85,0.3602,5,0.1,1.76,2.2,1.3533,9.65,10.35,9.6,9.8667,0,2
82,FtIrwin,22,35.09270897,-116.834966,572.139343,4,open,Ambient,,,,,,,,,,,,,,,1.5
83,FtIrwin,23,35.0928,-116.834878,572.988464,4,shrub,Added,1.39,1.32,0.84,0.4035,8,0.45,0.72,0.35,0.5067,8.5,11.72,11.62,10.6133,0,1.25
83,FtIrwin,23,35.0928,-116.834878,572.988464,4,open,Added,,,,,,,,,,,,,,,1.5
84,FtIrwin,24,35.09274996,-116.834794,572.31665,4,shrub,Ambient,1.55,1.37,0.77,0.4281,5,0.8,1.35,1.78,1.31,8.5,4.55,5.74,6.2633,0,4
84,FtIrwin,24,35.09274996,-116.834794,572.31665,4,open,Ambient,,,,,,,,,,,,,,,1.25
85,FtIrwin,25,35.09280402,-116.834736,571.756836,4,shrub,Added,1.75,1.58,0.74,0.5357,8,0.8,2.1,1.7,1.5333,4.55,5.95,6.76,5.7533,0,2.75
85,FtIrwin,25,35.09280402,-116.834736,571.756836,4,open,Added,,,,,,,,,,,,,,,1.5
86,FtIrwin,26,35.09286898,-116.834754,571.906128,4,shrub,Ambient,1.25,0.78,0.65,0.1659,6,0.7,1.35,1.48,1.1767,5.95,11.15,13.75,10.2833,0,2
86,FtIrwin,26,35.09286898,-116.834754,571.906128,4,open,Ambient,,,,,,,,,,,,,,,1.75
87,FtIrwin,27,35.092901,-116.834569,571.691467,4,shrub,Added,0.75,1.11,0.77,0.1678,6,0.1,0.1,0.1,0.1,3.63,6.69,8.66,6.3267,0,0.5
87,FtIrwin,27,35.092901,-116.834569,571.691467,4,open,Added,,,,,,,,,,,,,,,2.25
88,FtIrwin,28,35.09294802,-116.834503,571.934082,4,shrub,Ambient,0.68,1.14,0.63,0.1279,7,0.25,0.83,1.81,0.9633,3.63,3.3,2.8,3.2433,0,2.5
88,FtIrwin,28,35.09294802,-116.834503,571.934082,4,open,Ambient,,,,,,,,,,,,,,,1
89,FtIrwin,29,35.09302204,-116.834682,571.486206,4,shrub,Added,0.76,0.78,0.65,0.1009,7,1.05,1.35,1.6,1.3333,3.25,4.47,9.37,5.6967,0,2.25
89,FtIrwin,29,35.09302204,-116.834682,571.486206,4,open,Added,,,,,,,,,,,,,,,2.25
90,FtIrwin,30,35.09311298,-116.834711,571.719482,4,shrub,Ambient,1,0.88,0.85,0.1958,8,0.75,1.48,1.99,1.4067,9.37,5.75,5.82,6.98,0,2.5
90,FtIrwin,30,35.09311298,-116.834711,571.719482,4,open,Ambient,,,,,,,,,,,,,,,2.25
91,HeartofMojave,1,34.698199,-115.684169,784.73,5,shrub,Added,2.65,2.45,1.2,2.0397,9,1.1,1.4,1.6,1.3667,4.5,7.4,9.5,7.1333,4,1.25
91,HeartofMojave,1,34.698199,-115.684169,784.73,5,open,Added,,,,,,,,,,,,,,,1
92,HeartofMojave,2,34.69811,-115.684086,784.646,5,shrub,Ambient,2.35,1.5,0.5,0.4614,8,0.1,0.9,1.6,0.8667,5.1,5.6,7.5,6.0667,3,1.25
92,HeartofMojave,2,34.69811,-115.684086,784.646,5,open,Ambient,,,,,,,,,,,,,,,2.25
93,HeartofMojave,3,34.69805,-115.68411,784.851,5,shrub,Added,1.4,1.1,1,0.4032,7,0.5,0.9,1.6,1,7.35,6.2,5.6,6.3833,0,2
93,HeartofMojave,3,34.69805,-115.68411,784.851,5,open,Added,,,,,,,,,,,,,,,2.25
94,HeartofMojave,4,34.697983,-115.684098,784.833,5,shrub,Ambient,1.15,0.8,0.85,0.2047,6,0.85,1.1,1.3,1.0833,3.1,1.1,4.75,2.9833,0,1.75
94,HeartofMojave,4,34.697983,-115.684098,784.833,5,open,Ambient,,,,,,,,,,,,,,,3.75
95,HeartofMojave,5,34.697921,-115.684108,784.553,5,shrub,Added,2,1.55,1.2,0.9739,6,1,0.8,1.1,0.9667,4.6,6.25,6.4,5.75,1,1
95,HeartofMojave,5,34.697921,-115.684108,784.553,5,open,Added,,,,,,,,,,,,,,,1
96,HeartofMojave,6,34.697944,-115.684324,784.263,5,shrub,Ambient,1.6,1.35,0.9,0.5089,8,0.7,0.9,0.5,0.7,2.6,3.35,4.6,3.5167,0,1
96,HeartofMojave,6,34.697944,-115.684324,784.263,5,open,Ambient,,,,,,,,,,,,,,,3.5
97,HeartofMojave,7,34.697886,-115.684317,784.366,5,shrub,Added,2.2,1.85,1.1,1.1721,6,0.9,1,0.5,0.8,3.6,3.65,2.1,3.1167,0,1.75
97,HeartofMojave,7,34.697886,-115.684317,784.366,5,open,Added,,,,,,,,,,,,,,,1.5
98,HeartofMojave,8,34.697841,-115.68436,784.235,5,shrub,Ambient,1.6,1.15,1.75,0.843,5,1.2,0.7,1.1,1,3.4,4.5,4.2,4.0333,0,1.5
98,HeartofMojave,8,34.697841,-115.68436,784.235,5,open,Ambient,,,,,,,,,,,,,,,1.5
99,HeartofMojave,9,34.697816,-115.684347,783.993,5,shrub,Added,0.9,0.85,0.75,0.1502,5,0.6,1.1,1.5,1.0667,1.15,3.2,3.35,2.5667,0,1.5
99,HeartofMojave,9,34.697816,-115.684347,783.993,5,open,Added,,,,,,,,,,,,,,,1
100,HeartofMojave,10,34.697789,-115.684413,783.246,5,shrub,Ambient,1.1,1.5,1.1,0.4752,6,0.5,1.2,1.1,0.9333,2.65,3.1,3.35,3.0333,0,2.5
100,HeartofMojave,10,34.697789,-115.684413,783.246,5,open,Ambient,,,,,,,,,,,,,,,1.75
101,HeartofMojave,11,34.697757,-115.684349,783.06,5,shrub,Added,1.6,1.25,1.1,0.576,6,0.9,0.8,0.35,0.6833,2.35,4.7,2.25,3.1,0,0.75
101,HeartofMojave,11,34.697757,-115.684349,783.06,5,open,Added,,,,,,,,,,,,,,,3
102,HeartofMojave,12,34.697715,-115.684375,783.041,5,shrub,Ambient,2.1,1.7,1.4,1.3085,6,0.4,0.7,0.9,0.6667,2.9,4.25,5.7,4.2833,0,1
102,HeartofMojave,12,34.697715,-115.684375,783.041,5,open,Ambient,,,,,,,,,,,,,,,2
103,HeartofMojave,13,34.697623,-115.684419,783.172,5,shrub,Added,1.6,1.25,1.2,0.6283,7,0.6,0.6,0.2,0.4667,3.2,2.6,4.75,3.5167,0,1.5
103,HeartofMojave,13,34.697623,-115.684419,783.172,5,open,Added,,,,,,,,,,,,,,,3
104,HeartofMojave,14,34.697637,-115.684476,782.668,5,shrub,Ambient,5.2,1,1.15,1.5656,7,0.6,1.3,0.95,0.95,2.6,4.45,5.55,4.2,0,2.25
104,HeartofMojave,14,34.697637,-115.684476,782.668,5,open,Ambient,,,,,,,,,,,,,,,2
105,HeartofMojave,15,34.697557,-115.684431,782.584,5,shrub,Added,1.75,1.7,1.15,0.8957,9,0.6,1.3,0.8,0.9,2.25,7.1,7.9,5.75,0,1.5
105,HeartofMojave,15,34.697557,-115.684431,782.584,5,open,Added,,,,,,,,,,,,,,,2.25
106,HeartofMojave,16,34.697474,-115.684322,781.875,5,shrub,Ambient,1.8,1.15,1.2,0.6503,5,0.7,1.1,1,0.9333,2,2.75,5.2,3.3167,0,1.5
106,HeartofMojave,16,34.697474,-115.684322,781.875,5,open,Ambient,,,,,,,,,,,,,,,1
107,HeartofMojave,17,34.697346,-115.684312,783.013,5,shrub,Added,1.45,1.1,0.8,0.3341,7,0.7,1,1.85,1.1833,4.2,6.35,6.5,5.6833,0,0.75
107,HeartofMojave,17,34.697346,-115.684312,783.013,5,open,Added,,,,,,,,,,,,,,,0.75
108,HeartofMojave,18,34.697301,-115.684342,782.369,5,shrub,Ambient,1.25,1.9,1.15,0.715,6,0.7,0.95,1.2,0.95,3.75,4.25,1.2,3.0667,0,0.75
108,HeartofMojave,18,34.697301,-115.684342,782.369,5,open,Ambient,,,,,,,,,,,,,,,0.5
109,HeartofMojave,19,34.697179,-115.684321,781.343,5,shrub,Added,1.15,1.2,0.85,0.3071,5,0.6,0.9,1.1,0.8667,5.65,0.9,3.2,3.25,0,2
109,HeartofMojave,19,34.697179,-115.684321,781.343,5,open,Added,,,,,,,,,,,,,,,1.25
110,HeartofMojave,20,34.697142,-115.68429,781.082,5,shrub,Ambient,1.5,1.55,0.9,0.5478,9,1.25,0.9,1.25,1.1333,4.55,5.65,5.9,5.3667,0,1.5
110,HeartofMojave,20,34.697142,-115.68429,781.082,5,open,Ambient,,,,,,,,,,,,,,,0.5
111,HeartofMojave,21,34.69721298,-115.684176,770.780457,5,shrub,Added,1.5,1.26,0.85,0.4206,8,0.5,0.46,1.25,0.7367,2.38,4.9,4.45,3.91,3,1.75
111,HeartofMojave,21,34.69721298,-115.684176,770.780457,5,open,Added,,,,,,,,,,,,,,,1
112,HeartofMojave,22,34.69729101,-115.684086,770.967102,5,shrub,Ambient,1.91,2,1.15,1.1501,7,0.85,1.1,1.87,1.2733,2.42,3.3,3.85,3.19,0,1.5
112,HeartofMojave,22,34.69729101,-115.684086,770.967102,5,open,Ambient,,,,,,,,,,,,,,,1.25
113,HeartofMojave,23,34.69745203,-115.683817,773.934265,5,shrub,Added,1.75,1.56,0.98,0.7004,8,0.55,1.6,3.1,1.75,4.9,1.6,3.1,3.2,0,1.25
113,HeartofMojave,23,34.69745203,-115.683817,773.934265,5,open,Added,,,,,,,,,,,,,,,2
114,HeartofMojave,24,34.69748296,-115.683775,773.094482,5,shrub,Ambient,3.4,1.9,1.42,2.4015,9,1.16,0.85,1.7,1.2367,3.1,4.45,4.57,4.04,1,2.5
114,HeartofMojave,24,34.69748296,-115.683775,773.094482,5,open,Ambient,,,,,,,,,,,,,,,1.5
115,HeartofMojave,25,34.69747902,-115.683714,773.999573,5,shrub,Added,1.9,1.68,1.02,0.8524,5,1.23,0.4,3.6,1.7433,5.05,5.7,4.35,5.0333,0,1.5
115,HeartofMojave,25,34.69747902,-115.683714,773.999573,5,open,Added,,,,,,,,,,,,,,,2.25
116,HeartofMojave,26,34.69754599,-115.68368,774.503418,5,shrub,Ambient,1.82,1.7,1.37,1.1097,7,1.25,1.45,2.05,1.5833,5.1,3.77,3.3,4.0567,2,1.75
116,HeartofMojave,26,34.69754599,-115.68368,774.503418,5,open,Ambient,,,,,,,,,,,,,,,1.75
117,HeartofMojave,27,34.69761397,-115.683597,774.876648,5,shrub,Added,2,2.44,1.43,1.8269,6,3.3,1.74,2.15,2.3967,3.3,1.34,2.15,2.2633,1,1.75
117,HeartofMojave,27,34.69761397,-115.683597,774.876648,5,open,Added,,,,,,,,,,,,,,,1
118,HeartofMojave,28,34.69764104,-115.683623,775.02594,5,shrub,Ambient,1.7,1.68,0.9,0.6729,9,1.1,1.25,0.71,1.02,4.88,1.1,4.18,3.3867,0,2.5
118,HeartofMojave,28,34.69764104,-115.683623,775.02594,5,open,Ambient,,,,,,,,,,,,,,,1
119,HeartofMojave,29,34.69768899,-115.683718,774.960632,5,shrub,Added,2.38,1.94,1.25,1.511,7,1.6,2.3,1.81,1.9033,3.2,2.3,4.5,3.3333,0,1.25
119,HeartofMojave,29,34.69768899,-115.683718,774.960632,5,open,Added,,,,,,,,,,,,,,,2
120,HeartofMojave,30,34.69771698,-115.683715,775.072571,5,shrub,Ambient,1.67,1.65,1.4,1.0099,8,2.3,0.1,1.7,1.3667,2.3,2.8,4.47,3.19,0,2.25
120,HeartofMojave,30,34.69771698,-115.683715,775.072571,5,open,Ambient,,,,,,,,,,,,,,,2
121,Sheephole,1,34.205676,-115.719676,545.92,6,shrub,Added,1.2,1.8,1.05,0.5938,8,3.75,3.25,5.25,4.0833,7.7,9.25,10.6,9.1833,0,4.5
121,Sheephole,1,34.205676,-115.719676,545.92,6,open,Added,,,,,,,,,,,,,,,0.25
122,Sheephole,2,34.205739,-115.719518,546.573,6,shrub,Ambient,1.6,1.25,0.85,0.4451,6,1.9,3.5,5.2,3.5333,7.5,14.2,18.85,13.5167,2,1.25
122,Sheephole,2,34.205739,-115.719518,546.573,6,open,Ambient,,,,,,,,,,,,,,,3
123,Sheephole,3,34.205653,-115.719417,546.629,6,shrub,Added,1.5,1.2,0.9,0.4241,6,5.3,7.2,7.85,6.7833,13.2,7.2,12.15,10.85,1,0.25
123,Sheephole,3,34.205653,-115.719417,546.629,6,open,Added,,,,,,,,,,,,,,,4.5
124,Sheephole,4,34.20559,-115.719219,546.247,6,shrub,Ambient,2.15,1.8,1.2,1.2158,6,0.9,0.6,2.75,1.4167,6.2,7.5,18.8,10.8333,0,4.5
124,Sheephole,4,34.20559,-115.719219,546.247,6,open,Ambient,,,,,,,,,,,,,,,2.25
125,Sheephole,5,34.205634,-115.719167,546.517,6,shrub,Added,1.35,1.4,1.2,0.5938,8,4.2,8.85,7.4,6.8167,11.45,5.85,8.3,8.5333,1,0.25
125,Sheephole,5,34.205634,-115.719167,546.517,6,open,Added,,,,,,,,,,,,,,,4.5
126,Sheephole,6,34.205581,-115.718991,546.293,6,shrub,Ambient,1.65,1.5,0.9,0.5832,4,3.65,3.5,4.25,3.8,3.65,6.6,4.25,4.8333,1,1.25
126,Sheephole,6,34.205581,-115.718991,546.293,6,open,Ambient,,,,,,,,,,,,,,,1.25
127,Sheephole,7,34.205614,-115.718967,545.892,6,shrub,Added,2.25,1.85,1.2,1.3077,6,1.35,3.3,3.15,2.6,6.4,3.3,7.1,5.6,0,2
127,Sheephole,7,34.205614,-115.718967,545.892,6,open,Added,,,,,,,,,,,,,,,1
128,Sheephole,8,34.205545,-115.718968,545.743,6,shrub,Ambient,1.95,1.55,0.9,0.7122,7,0.6,5.1,2.8,2.8333,6.55,5.1,7.5,6.3833,0,1.25
128,Sheephole,8,34.205545,-115.718968,545.743,6,open,Ambient,,,,,,,,,,,,,,,2.25
129,Sheephole,9,34.20572,-115.71875,546.508,6,shrub,Added,1.95,1.4,0.85,0.6075,4,1.9,2.2,5.5,3.2,1.9,6.65,5.5,4.6833,1,4.5
129,Sheephole,9,34.20572,-115.71875,546.508,6,open,Added,,,,,,,,,,,,,,,2.25
130,Sheephole,10,34.205769,-115.718717,546.909,6,shrub,Ambient,2.45,1.55,0.9,0.8948,5,0.3,2.1,2.7,1.7,7.25,5.85,5.1,6.0667,0,1.75
130,Sheephole,10,34.205769,-115.718717,546.909,6,open,Ambient,,,,,,,,,,,,,,,3.5
131,Sheephole,11,34.205796,-115.718632,547.133,6,shrub,Added,2.7,1.8,1.15,1.4632,4,4.35,3.75,4.5,4.2,8.65,7.4,12.35,9.4667,0,1.75
131,Sheephole,11,34.205796,-115.718632,547.133,6,open,Added,,,,,,,,,,,,,,,1.5
132,Sheephole,12,34.205945,-115.71861,547.889,6,shrub,Ambient,1.95,1.65,1.25,1.0529,7,4.75,4.9,10.6,6.75,4.75,12.1,11.9,9.5833,0,4.5
132,Sheephole,12,34.205945,-115.71861,547.889,6,open,Ambient,,,,,,,,,,,,,,,3
133,Sheephole,13,34.20611,-115.718718,548.458,6,shrub,Added,1.35,0.8,0.9,0.2545,7,1.3,2.35,3.7,2.45,20,20,20,20,0,1.75
133,Sheephole,13,34.20611,-115.718718,548.458,6,open,Added,,,,,,,,,,,,,,,2
134,Sheephole,14,34.206259,-115.718993,549.531,6,shrub,Ambient,1.5,1.35,0.8,0.4241,9,3.3,7.05,7.4,5.9167,10.1,6.5,5.8,7.4667,3,2
134,Sheephole,14,34.206259,-115.718993,549.531,6,open,Ambient,,,,,,,,,,,,,,,3
135,Sheephole,15,34.206319,-115.719174,550.007,6,shrub,Added,2.05,0.9,1.1,0.5313,5,1.1,5.7,6.1,4.3,9.1,16.4,12.1,12.5333,2,2
135,Sheephole,15,34.206319,-115.719174,550.007,6,open,Added,,,,,,,,,,,,,,,2.5
136,Sheephole,16,34.206313,-115.719359,550.38,6,shrub,Ambient,1.55,1.6,1.1,0.7142,6,3.05,4.5,5.1,4.2167,7.25,6.2,5.1,6.1833,1,1
136,Sheephole,16,34.206313,-115.719359,550.38,6,open,Ambient,,,,,,,,,,,,,,,3.25
137,Sheephole,17,34.206284,-115.719578,549.942,6,shrub,Added,1.75,1.35,1.1,0.6804,7,2.6,2,3.75,2.7833,4.4,5.3,12.35,7.35,0,1.5
137,Sheephole,17,34.206284,-115.719578,549.942,6,open,Added,,,,,,,,,,,,,,,1.5
138,Sheephole,18,34.206254,-115.719625,550.156,6,shrub,Ambient,1.9,2.35,1.45,1.695,6,1.65,4.1,4.9,3.55,4.1,7.7,8.1,6.6333,1,4.5
138,Sheephole,18,34.206254,-115.719625,550.156,6,open,Ambient,,,,,,,,,,,,,,,0.25
139,Sheephole,19,34.206268,-115.719703,549.456,6,shrub,Added,1.1,0.9,1,0.2592,8,5.1,6.1,0.9,4.0333,5.1,6.1,6.9,6.0333,0,2.25
139,Sheephole,19,34.206268,-115.719703,549.456,6,open,Added,,,,,,,,,,,,,,,1.5
140,Sheephole,20,34.206183,-115.719774,549.195,6,shrub,Ambient,2.25,1.35,1.2,0.9543,6,3.35,4.2,4.15,3.9,10.65,13.95,12.65,12.4167,0,1.5
140,Sheephole,20,34.206183,-115.719774,549.195,6,open,Ambient,,,,,,,,,,,,,,,4
141,Sheephole,21,34.20649596,-115.719377,598.358582,6,shrub,Added,1.58,1.77,1.15,0.842,6,0.1,1,1.9,1,5.66,9.81,11.66,9.0433,0,2.5
141,Sheephole,21,34.20649596,-115.719377,598.358582,6,open,Added,,,,,,,,,,,,,,,0.25
142,Sheephole,22,34.206516,-115.719238,597.864075,6,shrub,Ambient,1.41,1.56,1.22,0.7025,7,1.27,3.22,5.71,3.4,7.6,8.55,9.81,8.6533,0,4.5
142,Sheephole,22,34.206516,-115.719238,597.864075,6,open,Ambient,,,,,,,,,,,,,,,2.75
143,Sheephole,23,34.20664097,-115.719077,599.412964,6,shrub,Added,1.22,1.6,1.17,0.5979,8,2.88,5.5,5.1,4.4933,9.66,5.1,9.41,8.0567,2,1.25
143,Sheephole,23,34.20664097,-115.719077,599.412964,6,open,Added,,,,,,,,,,,,,,,2
144,Sheephole,24,34.20678003,-115.71917,600.159424,6,shrub,Ambient,2.55,1.96,1.05,1.3739,8,5.18,7.45,7.88,6.8367,2.52,4.45,3.2,3.39,0,1.5
144,Sheephole,24,34.20678003,-115.71917,600.159424,6,open,Ambient,,,,,,,,,,,,,,,1.75
145,Sheephole,25,34.20663703,-115.719189,597.901428,6,shrub,Added,1.4,0.86,0.98,0.3089,6,5.88,2.15,3.28,3.77,9.78,7.15,11.2,9.3767,0,0.75
145,Sheephole,25,34.20663703,-115.719189,597.901428,6,open,Added,,,,,,,,,,,,,,,0.75
146,Sheephole,26,34.206589,-115.719262,597.40686,6,shrub,Ambient,1.24,1.02,1.1,0.3642,7,3.05,4.05,3.45,3.5167,5.22,7.65,12.5,8.4567,0,2.75
146,Sheephole,26,34.206589,-115.719262,597.40686,6,open,Ambient,,,,,,,,,,,,,,,3.5
147,Sheephole,27,34.20658599,-115.719494,595.820679,6,shrub,Added,1.81,1.35,1.05,0.6717,7,2.45,5.7,6,4.7167,10.62,5.7,8.09,8.1367,0,3
147,Sheephole,27,34.20658599,-115.719494,595.820679,6,open,Added,,,,,,,,,,,,,,,4.25
148,Sheephole,28,34.20657601,-115.719791,595.410095,6,shrub,Ambient,0.96,1.35,1.16,0.3936,7,3.75,4.56,3.32,3.8767,3.75,4.8,7.61,5.3867,0,1
148,Sheephole,28,34.20657601,-115.719791,595.410095,6,open,Ambient,,,,,,,,,,,,,,,2.75
149,Sheephole,29,34.20655103,-115.719879,595.568726,6,shrub,Added,1.92,1.65,0.9,0.7464,6,2.36,5.95,5.75,4.6867,5.95,8.76,9.42,8.0433,0,2
149,Sheephole,29,34.20655103,-115.719879,595.568726,6,open,Added,,,,,,,,,,,,,,,3.5
150,Sheephole,30,34.20661398,-115.719893,596.343201,6,shrub,Ambient,2.08,1.65,0.9,0.8086,8,3.65,3.45,5.95,4.35,7.65,6.7,5.95,6.7667,1,1
150,Sheephole,30,34.20661398,-115.719893,596.343201,6,open,Ambient,,,,,,,,,,,,,,,4
151,Tecopa,1,35.85151504,-116.186706,699.456665,7,shrub,Added,2.22,2.3,1.15,1.5373,8,1.1,0.95,0.1,0.7167,4.18,8.37,9.78,7.4433,4,1.25
151,Tecopa,1,35.85151504,-116.186706,699.456665,7,open,Added,,,,,,,,,,,,,,,0.5
152,Tecopa,2,35.85144698,-116.186709,699.577942,7,shrub,Ambient,1.16,1.28,0.72,0.2799,8,1.15,0.76,0.95,0.9533,4.18,3.71,9.65,5.8467,0,1.75
152,Tecopa,2,35.85144698,-116.186709,699.577942,7,open,Ambient,,,,,,,,,,,,,,,0.25
153,Tecopa,3,35.85141303,-116.186732,700.259094,7,shrub,Added,1.68,1.57,0.77,0.5317,9,0.1,0.3,1.3,0.5667,3.71,7.68,8.6,6.6633,0,0.75
153,Tecopa,3,35.85141303,-116.186732,700.259094,7,open,Added,,,,,,,,,,,,,,,0.5
154,Tecopa,4,35.85134204,-116.186611,700.893616,7,shrub,Ambient,2.64,1.6,0.8,0.8847,6,0.6,0.5,1.36,0.82,7.68,6.58,5.5,6.5867,1,0.25
154,Tecopa,4,35.85134204,-116.186611,700.893616,7,open,Ambient,,,,,,,,,,,,,,,1
155,Tecopa,5,35.85130398,-116.186551,700.147156,7,shrub,Added,1.51,1.58,0.72,0.4497,9,0.74,1.26,1.1,1.0333,5.5,5.78,8,6.4267,0,0.5
155,Tecopa,5,35.85130398,-116.186551,700.147156,7,open,Added,,,,,,,,,,,,,,,1
156,Tecopa,6,35.85127297,-116.186618,699.680603,7,shrub,Ambient,1.56,1.45,0.74,0.4382,9,0.81,0.6,0.97,0.7933,5.78,7.4,7.85,7.01,0,1.25
156,Tecopa,6,35.85127297,-116.186618,699.680603,7,open,Ambient,,,,,,,,,,,,,,,0.5
157,Tecopa,7,35.85121002,-116.186577,700.753601,7,shrub,Added,0.97,0.82,0.64,0.1333,8,0.45,0.55,0.99,0.6633,7.4,2.69,5.66,5.25,0,0.75
157,Tecopa,7,35.85121002,-116.186577,700.753601,7,open,Added,,,,,,,,,,,,,,,0.75
158,Tecopa,8,35.851178,-116.186536,700.92157,7,shrub,Ambient,2.16,1.95,0.8,0.8822,7,0.69,0.3,0.45,0.48,2.69,2.1,6.55,3.78,4,0.25
158,Tecopa,8,35.851178,-116.186536,700.92157,7,open,Ambient,,,,,,,,,,,,,,,0.75
159,Tecopa,9,35.85116702,-116.186409,702.209229,7,shrub,Added,0.59,0.5,0.58,0.0448,6,0.1,0.78,0.82,0.5667,2.1,4.1,3.7,3.3,0,1.5
159,Tecopa,9,35.85116702,-116.186409,702.209229,7,open,Added,,,,,,,,,,,,,,,0.5
160,Tecopa,10,35.85126501,-116.186258,702.965027,7,shrub,Ambient,1.15,1.15,0.78,0.2701,7,0.1,0.3,1.57,0.6567,2.4,7.58,5.5,5.16,0,1
160,Tecopa,10,35.85126501,-116.186258,702.965027,7,open,Ambient,,,,,,,,,,,,,,,0.5
161,Tecopa,11,35.85122896,-116.186248,702.806396,7,shrub,Added,1.66,1.69,0.96,0.7051,7,0.8,0.95,1.95,1.2333,5.76,7.2,1.95,4.97,0,2
161,Tecopa,11,35.85122896,-116.186248,702.806396,7,open,Added,,,,,,,,,,,,,,,1.75
162,Tecopa,12,35.85118303,-116.186279,704.103333,7,shrub,Ambient,2.05,1.76,0.88,0.8312,8,0.96,1.26,0.74,0.9867,1.95,5.11,5.75,4.27,0,1
162,Tecopa,12,35.85118303,-116.186279,704.103333,7,open,Ambient,,,,,,,,,,,,,,,0.5
163,Tecopa,13,35.85115202,-116.186355,704.373962,7,shrub,Added,1.71,1.4,0.96,0.6017,6,0.1,0.2,1,0.4333,2.99,4.76,5.11,4.2867,0,1
163,Tecopa,13,35.85115202,-116.186355,704.373962,7,open,Added,,,,,,,,,,,,,,,0.5
164,Tecopa,14,35.85107901,-116.186469,705.465637,7,shrub,Ambient,1.1,0.88,0.65,0.1647,6,0.35,0.2,0.3,0.2833,2.99,6.18,6.09,5.0867,0,0.75
164,Tecopa,14,35.85107901,-116.186469,705.465637,7,open,Ambient,,,,,,,,,,,,,,,1
165,Tecopa,15,35.85107801,-116.186557,705.017761,7,shrub,Added,1.7,1.24,0.94,0.5188,8,0.3,1.4,1.95,1.2167,2.49,6.18,6.09,4.92,1,0.75
165,Tecopa,15,35.85107801,-116.186557,705.017761,7,open,Added,,,,,,,,,,,,,,,1
166,Tecopa,16,35.85101699,-116.186626,706.52002,7,shrub,Ambient,1.22,0.84,0.78,0.2093,9,1,0.99,0.67,0.8867,6.58,6.7,6.74,6.6733,0,1.5
166,Tecopa,16,35.85101699,-116.186626,706.52002,7,open,Ambient,,,,,,,,,,,,,,,1.25
167,Tecopa,17,35.85115504,-116.186732,706.641296,7,shrub,Added,1.66,1.71,0.81,0.6019,5,0.3,0.4,0.7,0.4667,6.7,6.58,9.02,7.4333,4,0.75
167,Tecopa,17,35.85115504,-116.186732,706.641296,7,open,Added,,,,,,,,,,,,,,,0.25
168,Tecopa,18,35.85123399,-116.186729,707.593018,7,shrub,Ambient,1.45,1.75,0.91,0.6045,6,0.1,0.66,0.84,0.5333,6.15,8.22,8.3,7.5567,0,0.25
168,Tecopa,18,35.85123399,-116.186729,707.593018,7,open,Ambient,,,,,,,,,,,,,,,1.5
169,Tecopa,19,35.851236,-116.186802,707.658325,7,shrub,Added,1.85,1.6,0.84,0.6509,9,0.1,0.8,0.85,0.5833,5.38,0.5,3.29,3.0567,1,0.75
169,Tecopa,19,35.851236,-116.186802,707.658325,7,open,Added,,,,,,,,,,,,,,,0.5
170,Tecopa,20,35.85130499,-116.186857,445.727142,7,shrub,Ambient,1.05,1.09,0.85,0.2547,7,0.1,0.5,0.55,0.3833,5.38,0.5,3.29,3.0567,0,1.75
170,Tecopa,20,35.85130499,-116.186857,445.727142,7,open,Ambient,,,,,,,,,,,,,,,0.5
171,Tecopa,21,35.85133298,-116.186796,446.249664,7,shrub,Added,1.46,1.05,1.05,0.4214,8,0.25,0.54,0.47,0.42,5.33,7.18,7.95,6.82,0,3.5
171,Tecopa,21,35.85133298,-116.186796,446.249664,7,open,Added,,,,,,,,,,,,,,,1
172,Tecopa,22,35.85139702,-116.186855,447.173401,7,shrub,Ambient,1.35,1.18,0.71,0.2961,7,0.59,0.4,0.51,0.5,5.33,6.2,6.44,5.99,0,2.25
172,Tecopa,22,35.85139702,-116.186855,447.173401,7,open,Ambient,,,,,,,,,,,,,,,1.75
173,Tecopa,23,35.85144698,-116.186894,447.453339,7,shrub,Added,1.81,1.4,0.82,0.544,9,0.1,0.64,0.2,0.3133,6.2,5.1,5.16,5.4867,2,3
173,Tecopa,23,35.85144698,-116.186894,447.453339,7,open,Added,,,,,,,,,,,,,,,0.75
174,Tecopa,24,35.85145896,-116.186836,448.768951,7,shrub,Ambient,1.44,1.5,0.94,0.5316,7,0.1,0.64,0.2,0.3133,5.1,5.4,7.5,6,0,0.75
174,Tecopa,24,35.85145896,-116.186836,448.768951,7,open,Ambient,,,,,,,,,,,,,,,0.75
175,Tecopa,25,35.85150297,-116.186831,448.712982,7,shrub,Added,0.9,0.85,0.75,0.1502,7,0.1,0.35,0.2,0.2167,5.4,5.22,4.4,5.0067,0,1.5
175,Tecopa,25,35.85150297,-116.186831,448.712982,7,open,Added,,,,,,,,,,,,,,,1.5
176,Tecopa,26,35.85151898,-116.186943,449.011566,7,shrub,Ambient,1.22,0.8,0.85,0.2172,6,0.1,0.5,1.6,0.7333,5.22,7.77,6.98,6.6567,0,2
176,Tecopa,26,35.85151898,-116.186943,449.011566,7,open,Ambient,,,,,,,,,,,,,,,1.25
177,Tecopa,27,35.85147103,-116.186939,447.863892,7,shrub,Added,1.81,1.44,0.91,0.6209,7,0.4,0.2,0.33,0.31,7.77,1.06,3.29,4.04,1,1
177,Tecopa,27,35.85147103,-116.186939,447.863892,7,open,Added,,,,,,,,,,,,,,,0.75
178,Tecopa,28,35.85152702,-116.186952,449.020874,7,shrub,Ambient,0.96,1.08,0.71,0.1927,5,0.25,0.7,1.1,0.6833,3.29,3.5,5.32,4.0367,0,0.75
178,Tecopa,28,35.85152702,-116.186952,449.020874,7,open,Ambient,,,,,,,,,,,,,,,1
179,Tecopa,29,35.85167698,-116.187015,448.918243,7,shrub,Added,1.69,1.85,0.81,0.663,8,0.2,0.86,1.05,0.7033,5.32,3.5,4,4.2733,3,0.1
179,Tecopa,29,35.85167698,-116.187015,448.918243,7,open,Added,,,,,,,,,,,,,,,1
180,Tecopa,30,35.85101,-116.18721,449.020874,7,shrub,Ambient,1.62,1.76,0.8,0.5972,7,0.33,0.45,0.86,0.5467,3.9,4.7,8.14,5.58,0,2.25
180,Tecopa,30,35.85101,-116.18721,449.020874,7,open,Ambient,,,,,,,,,,,,,,,0.5
181,TejonRanch,1,34.875994,-118.60246,1118.022,3,shrub,Added,2.15,1.9,0.55,0.5882,9,0.35,0.65,0.65,0.55,0.35,5.1,6.45,3.9667,0,0.25
181,TejonRanch,1,34.875994,-118.60246,1118.022,3,open,Added,,,,,,,,,,,,,,,0.75
182,TejonRanch,2,34.875953,-118.602484,1118.05,3,shrub,Ambient,1.35,0.6,0.5,0.106,6,0.6,0.6,0.85,0.6833,1.35,0.6,0.85,0.9333,0,1
182,TejonRanch,2,34.875953,-118.602484,1118.05,3,open,Ambient,,,,,,,,,,,,,,,1
183,TejonRanch,3,34.875926,-118.602516,1117.63,3,shrub,Added,1.35,1.1,0.65,0.2527,7,0.65,0.85,1.3,0.9333,1.4,1.25,0.8,1.15,0,1.5
183,TejonRanch,3,34.875926,-118.602516,1117.63,3,open,Added,,,,,,,,,,,,,,,0.5
184,TejonRanch,4,34.875925,-118.602469,1117.509,3,shrub,Ambient,0.7,0.75,0.5,0.0687,8,0.45,0.7,0.45,0.5333,0.6,0.7,0.4,0.5667,0,2
184,TejonRanch,4,34.875925,-118.602469,1117.509,3,open,Ambient,,,,,,,,,,,,,,,3.5
185,TejonRanch,5,34.875889,-118.602501,1117.434,3,shrub,Added,0.95,1.35,0.45,0.1511,7,0.8,0.95,1.2,0.9833,0.8,0.95,1.2,0.9833,0,1.5
185,TejonRanch,5,34.875889,-118.602501,1117.434,3,open,Added,,,,,,,,,,,,,,,1.5
186,TejonRanch,6,34.875843,-118.602494,1117.341,3,shrub,Ambient,1.2,0.8,0.5,0.1257,8,0.7,0.6,0.5,0.6,0.7,0.6,0.4,0.5667,0,1.5
186,TejonRanch,6,34.875843,-118.602494,1117.341,3,open,Ambient,,,,,,,,,,,,,,,1.75
187,TejonRanch,7,34.875829,-118.602447,1117.201,3,shrub,Added,0.75,0.7,0.45,0.0619,4,0.5,0.45,0.55,0.5,0.5,2,2.55,1.6833,0,1.5
187,TejonRanch,7,34.875829,-118.602447,1117.201,3,open,Added,,,,,,,,,,,,,,,1.75
188,TejonRanch,8,34.875822,-118.602389,1116.511,3,shrub,Ambient,1.25,0.9,0.6,0.1767,7,0.6,1.7,0.5,0.9333,0.6,1.7,0.5,0.9333,0,1.25
188,TejonRanch,8,34.875822,-118.602389,1116.511,3,open,Ambient,,,,,,,,,,,,,,,1
189,TejonRanch,9,34.875737,-118.602331,1115.802,3,shrub,Added,1.5,0.75,0.45,0.1325,10,0.4,0.55,1.25,0.7333,0.4,0.55,7.5,2.8167,0,1
189,TejonRanch,9,34.875737,-118.602331,1115.802,3,open,Added,,,,,,,,,,,,,,,2
190,TejonRanch,10,34.87552,-118.602249,1114.514,3,shrub,Ambient,1.95,0.75,0.65,0.2489,7,0.6,0.85,1.25,0.9,0.6,0.85,20,7.15,0,1
190,TejonRanch,10,34.87552,-118.602249,1114.514,3,open,Ambient,,,,,,,,,,,,,,,1.25
191,TejonRanch,11,34.876,-118.602661,1116.371,3,shrub,Added,1.45,1.6,0.5,0.3037,5,0.7,0.85,0.6,0.7167,0.7,0.15,3.2,1.35,0,1
191,TejonRanch,11,34.876,-118.602661,1116.371,3,open,Added,,,,,,,,,,,,,,,1.75
192,TejonRanch,12,34.876069,-118.60274,1116.949,3,shrub,Ambient,0.5,0.6,0.5,0.0393,6,0.5,1,0.75,0.75,6.5,5.1,5.55,5.7167,0,0.5
192,TejonRanch,12,34.876069,-118.60274,1116.949,3,open,Ambient,,,,,,,,,,,,,,,2.25
193,TejonRanch,13,34.876045,-118.602807,1117.434,3,shrub,Added,0.6,0.35,0.5,0.0275,7,0.9,1,0.75,0.8833,0.9,1,2.85,1.5833,0,0.75
193,TejonRanch,13,34.876045,-118.602807,1117.434,3,open,Added,,,,,,,,,,,,,,,1
194,TejonRanch,14,34.876075,-118.602828,1117.63,3,shrub,Ambient,1.75,1.85,0.6,0.5085,8,0.75,0.85,0.7,0.7667,3.3,4.1,4.35,3.9167,0,1.5
194,TejonRanch,14,34.876075,-118.602828,1117.63,3,open,Ambient,,,,,,,,,,,,,,,1
195,TejonRanch,15,34.876118,-118.60265,1117.164,3,shrub,Added,1.9,1.75,0.5,0.4352,8,0.85,0.7,0.9,0.8167,7.2,7.6,9.2,8,0,0.75
195,TejonRanch,15,34.876118,-118.60265,1117.164,3,open,Added,,,,,,,,,,,,,,,1
196,TejonRanch,16,34.876185,-118.602667,1117.714,3,shrub,Ambient,1.35,0.7,0.5,0.1237,6,0.6,0.5,0.7,0.6,0.6,0.5,0.7,0.6,0,0.5
196,TejonRanch,16,34.876185,-118.602667,1117.714,3,open,Ambient,,,,,,,,,,,,,,,0.75
197,TejonRanch,17,34.876193,-118.602592,1117.742,3,shrub,Added,0.65,0.5,0.6,0.0511,8,0.5,0.5,0.85,0.6167,0.5,0.5,2.1,1.0333,0,0.25
197,TejonRanch,17,34.876193,-118.602592,1117.742,3,open,Added,,,,,,,,,,,,,,,1.75
198,TejonRanch,18,34.876192,-118.602608,1118.209,3,shrub,Ambient,0.55,0.6,0.45,0.0389,6,0.45,0.6,1.2,0.75,0.45,0.6,1.2,0.75,0,0.75
198,TejonRanch,18,34.876192,-118.602608,1118.209,3,open,Ambient,,,,,,,,,,,,,,,2.25
199,TejonRanch,19,34.876198,-118.602597,1118.088,3,shrub,Added,1.25,1.35,0.4,0.1767,7,0.7,0.9,0.7,0.7667,2.35,0.9,0.7,1.3167,0,2
199,TejonRanch,19,34.876198,-118.602597,1118.088,3,open,Added,,,,,,,,,,,,,,,2.5
200,TejonRanch,20,34.876057,-118.602588,1117.556,3,shrub,Ambient,1.75,1.35,0.5,0.3093,6,0.7,0.75,0.9,0.7833,1.1,1.55,0.9,1.1833,0,0.25
200,TejonRanch,20,34.876057,-118.602588,1117.556,3,open,Ambient,,,,,,,,,,,,,,,1
201,TejonRanch,21,34.87645998,-118.601776,1117.760864,3,shrub,Added,2.32,1.51,0.58,0.5319,7,0.44,0.1,0.28,0.2733,3.6,3.56,0.28,2.48,0,0.75
201,TejonRanch,21,34.87645998,-118.601776,1117.760864,3,open,Added,,,,,,,,,,,,,,,0
202,TejonRanch,22,34.87641103,-118.601735,1116.650513,3,shrub,Ambient,1.17,1.32,0.58,0.2345,8,0.59,0.17,0.69,0.4833,1.44,3.3,3.05,2.5967,0,0.5
202,TejonRanch,22,34.87641103,-118.601735,1116.650513,3,open,Ambient,,,,,,,,,,,,,,,0.25
203,TejonRanch,23,34.87638102,-118.601754,1117.145142,3,shrub,Added,1.39,0.84,0.5,0.1528,6,0.22,0.6,0.5,0.44,2.05,3.3,0.25,1.8667,0,0.5
203,TejonRanch,23,34.87638102,-118.601754,1117.145142,3,open,Added,,,,,,,,,,,,,,,0.75
204,TejonRanch,24,34.87638697,-118.601762,1117.396973,3,shrub,Ambient,1.08,0.69,0.42,0.0819,7,0.25,0.45,0.6,0.4333,0.25,0.45,2.91,1.2033,0,0.5
204,TejonRanch,24,34.87638697,-118.601762,1117.396973,3,open,Ambient,,,,,,,,,,,,,,,0.75
205,TejonRanch,25,34.87639803,-118.601776,1117.182373,3,shrub,Added,2.74,3.58,0.71,1.8233,8,0.25,0.88,0.45,0.5267,0.45,2.08,3.75,2.0933,0,0.5
205,TejonRanch,25,34.87639803,-118.601776,1117.182373,3,open,Added,,,,,,,,,,,,,,,1.25
206,TejonRanch,26,34.87632503,-118.601904,1115.866821,3,shrub,Ambient,1.25,1.28,0.56,0.2346,7,0.1,0.55,0.58,0.41,0.6,3.59,3.4,2.53,0,0.5
206,TejonRanch,26,34.87632503,-118.601904,1115.866821,3,open,Ambient,,,,,,,,,,,,,,,1.25
207,TejonRanch,27,34.87628102,-118.601907,1116.753174,3,shrub,Added,2.44,1.59,0.45,0.4571,6,0.3,0.48,0.2,0.3267,0.3,0.48,3.59,1.4567,0,0.5
207,TejonRanch,27,34.87628102,-118.601907,1116.753174,3,open,Added,,,,,,,,,,,,,,,1.75
208,TejonRanch,28,34.87624599,-118.601965,1116.463989,3,shrub,Ambient,0.78,0.75,0.5,0.0766,6,0.36,0.58,1.85,0.93,1,2.67,1.85,1.84,0,0.75
208,TejonRanch,28,34.87624599,-118.601965,1116.463989,3,open,Ambient,,,,,,,,,,,,,,,1.75
209,TejonRanch,29,34.87626501,-118.602047,1116.547974,3,shrub,Added,2.35,2.5,0.6,0.9228,5,0.8,0.87,1.17,0.9467,3,2.32,3.49,2.9367,0,1
209,TejonRanch,29,34.87626501,-118.602047,1116.547974,3,open,Added,,,,,,,,,,,,,,,2.5
210,TejonRanch,30,34.87623299,-118.602041,1117.229004,3,shrub,Ambient,1.55,1.37,0.61,0.3391,8,0.32,0.3,1.29,0.6367,0.32,2.05,4.4,2.2567,0,1.5
210,TejonRanch,30,34.87623299,-118.602041,1117.229004,3,open,Ambient,,,,,,,,,,,,,,,1.5
